,State,County,Year,Deaths,Population,_merge,Death Rate,Years since policy,Policy or Control
98,Alaska,"Anchorage Borough, AK",2009,16.0,287677.0,both,5.56179326119224,-3,Control
99,Alaska,"Anchorage Borough, AK",2009,27.0,287677.0,both,9.385526128261905,-3,Control
100,Alaska,"Anchorage Borough, AK",2010,17.0,291826.0,both,5.825389101725,-2,Control
101,Alaska,"Anchorage Borough, AK",2010,14.0,291826.0,both,4.797379260244118,-2,Control
102,Alaska,"Anchorage Borough, AK",2011,13.0,295570.0,both,4.39828128700477,-1,Control
103,Alaska,"Anchorage Borough, AK",2011,31.0,295570.0,both,10.48820922285753,-1,Control
104,Alaska,"Anchorage Borough, AK",2012,22.0,298610.0,both,7.367469274304277,0,Control
105,Alaska,"Anchorage Borough, AK",2012,27.0,298610.0,both,9.04189410937343,0,Control
106,Alaska,"Anchorage Borough, AK",2013,17.0,300950.0,both,5.648778866921416,1,Control
107,Alaska,"Anchorage Borough, AK",2013,22.0,300950.0,both,7.310184416015949,1,Control
108,Alaska,"Anchorage Borough, AK",2014,26.0,301010.0,both,8.637586791136508,2,Control
109,Alaska,"Anchorage Borough, AK",2014,15.0,301010.0,both,4.9832231487326,2,Control
110,Alaska,"Kenai Peninsula Borough, AK",2009,10.0,54796.0,both,18.24950726330389,-3,Control
111,Alaska,"Matanuska-Susitna Borough, AK",2012,13.0,93925.0,both,13.84083044982699,0,Control
112,Alaska,"Matanuska-Susitna Borough, AK",2014,11.0,97882.0,both,11.238021290942154,2,Control
1565,Hawaii,"Hawaii County, HI",2009,14.0,183629.0,both,7.624068093819604,-3,Control
1566,Hawaii,"Hawaii County, HI",2010,10.0,185079.0,both,5.403098136471453,-2,Control
1567,Hawaii,"Honolulu County, HI",2009,36.0,943177.0,both,3.8168869681936686,-3,Control
1568,Hawaii,"Honolulu County, HI",2009,28.0,943177.0,both,2.9686898641506314,-3,Control
1569,Hawaii,"Honolulu County, HI",2009,17.0,943177.0,both,1.8024188460914548,-3,Control
1570,Hawaii,"Honolulu County, HI",2010,33.0,953207.0,both,3.4619972366967513,-2,Control
1571,Hawaii,"Honolulu County, HI",2010,33.0,953207.0,both,3.4619972366967513,-2,Control
1572,Hawaii,"Honolulu County, HI",2010,16.0,953207.0,both,1.678544114762061,-2,Control
1573,Hawaii,"Honolulu County, HI",2010,10.0,953207.0,both,1.049090071726288,-2,Control
1574,Hawaii,"Honolulu County, HI",2011,39.0,963607.0,both,4.047293139215468,-1,Control
1575,Hawaii,"Honolulu County, HI",2011,25.0,963607.0,both,2.5944186789842747,-1,Control
1576,Hawaii,"Honolulu County, HI",2011,14.0,963607.0,both,1.4528744602311938,-1,Control
1577,Hawaii,"Honolulu County, HI",2011,10.0,963607.0,both,1.0377674715937097,-1,Control
1578,Hawaii,"Honolulu County, HI",2012,33.0,976372.0,both,3.379859315916475,0,Control
1579,Hawaii,"Honolulu County, HI",2012,19.0,976372.0,both,1.9459796061337276,0,Control
1580,Hawaii,"Honolulu County, HI",2012,16.0,976372.0,both,1.638719668323139,0,Control
1581,Hawaii,"Honolulu County, HI",2012,12.0,976372.0,both,1.2290397512423543,0,Control
1582,Hawaii,"Honolulu County, HI",2013,39.0,983429.0,both,3.9657158778112094,1,Control
1583,Hawaii,"Honolulu County, HI",2013,21.0,983429.0,both,2.1353854726675747,1,Control
1584,Hawaii,"Honolulu County, HI",2013,31.0,983429.0,both,3.152235697747372,1,Control
1585,Hawaii,"Honolulu County, HI",2014,32.0,991788.0,both,3.2264959850290587,2,Control
1586,Hawaii,"Honolulu County, HI",2014,16.0,991788.0,both,1.6132479925145293,2,Control
1587,Hawaii,"Honolulu County, HI",2014,31.0,991788.0,both,3.1256679854969005,2,Control
1588,Hawaii,"Honolulu County, HI",2014,12.0,991788.0,both,1.209935994385897,2,Control
1905,Iowa,"Johnson County, IA",2014,12.0,142287.0,both,8.43365873199941,2,Control
1906,Iowa,"Linn County, IA",2011,10.0,213875.0,both,4.67562828755114,-1,Control
1907,Iowa,"Linn County, IA",2013,11.0,216111.0,both,5.089976910013836,1,Control
1908,Iowa,"Linn County, IA",2014,16.0,217751.0,both,7.347842260196279,2,Control
1909,Iowa,"Polk County, IA",2009,16.0,425737.0,both,3.7581887409363057,-3,Control
1910,Iowa,"Polk County, IA",2009,15.0,425737.0,both,3.5233019446277867,-3,Control
1911,Iowa,"Polk County, IA",2010,16.0,430640.0,both,3.7154003343860302,-2,Control
1912,Iowa,"Polk County, IA",2010,14.0,430640.0,both,3.250975292587776,-2,Control
1913,Iowa,"Polk County, IA",2010,10.0,430640.0,both,2.322125208991269,-2,Control
1914,Iowa,"Polk County, IA",2011,22.0,437399.0,both,5.029732578263782,-1,Control
1915,Iowa,"Polk County, IA",2011,17.0,437399.0,both,3.8866115377492862,-1,Control
1916,Iowa,"Polk County, IA",2012,22.0,443710.0,both,4.958193414617655,0,Control
1917,Iowa,"Polk County, IA",2012,15.0,443710.0,both,3.380586419057493,0,Control
1918,Iowa,"Polk County, IA",2013,18.0,451677.0,both,3.9851486792553086,1,Control
1919,Iowa,"Polk County, IA",2013,22.0,451677.0,both,4.870737274645378,1,Control
1920,Iowa,"Polk County, IA",2014,10.0,459862.0,both,2.1745654131021914,2,Control
1921,Iowa,"Polk County, IA",2014,12.0,459862.0,both,2.60947849572263,2,Control
1922,Iowa,"Polk County, IA",2014,15.0,459862.0,both,3.2618481196532874,2,Control
1923,Iowa,"Scott County, IA",2011,11.0,167095.0,both,6.583081480594871,-1,Control
1924,Iowa,"Scott County, IA",2012,14.0,168799.0,both,8.293887996966808,0,Control
1925,Iowa,"Scott County, IA",2013,12.0,170385.0,both,7.042873492384893,1,Control
1926,Iowa,"Scott County, IA",2013,21.0,170385.0,both,12.325028611673563,1,Control
1927,Kansas,"Johnson County, KS",2009,14.0,539396.0,both,2.5954957026006866,-3,Control
1928,Kansas,"Johnson County, KS",2009,11.0,539396.0,both,2.039318052043397,-3,Control
1929,Kansas,"Johnson County, KS",2010,13.0,544179.0,both,2.3889198223378707,-2,Control
1930,Kansas,"Johnson County, KS",2011,20.0,552991.0,both,3.616695389255883,-1,Control
1931,Kansas,"Johnson County, KS",2012,13.0,559913.0,both,2.3217892779771145,0,Control
1932,Kansas,"Johnson County, KS",2012,14.0,559913.0,both,2.500388453206123,0,Control
1933,Kansas,"Johnson County, KS",2012,11.0,559913.0,both,1.9645909275190967,0,Control
1934,Kansas,"Johnson County, KS",2013,17.0,566933.0,both,2.9985906623886773,1,Control
1935,Kansas,"Johnson County, KS",2013,15.0,566933.0,both,2.6458152903429504,1,Control
1936,Kansas,"Johnson County, KS",2013,10.0,566933.0,both,1.7638768602286339,1,Control
1937,Kansas,"Johnson County, KS",2014,11.0,574272.0,both,1.915468628106542,2,Control
1938,Kansas,"Johnson County, KS",2014,23.0,574272.0,both,4.005070767859133,2,Control
1939,Kansas,"Johnson County, KS",2014,12.0,574272.0,both,2.089602139752591,2,Control
1940,Kansas,"Sedgwick County, KS",2009,16.0,495006.0,both,3.2322840531225885,-3,Control
1941,Kansas,"Sedgwick County, KS",2009,36.0,495006.0,both,7.272639119525825,-3,Control
1942,Kansas,"Sedgwick County, KS",2009,11.0,495006.0,both,2.2221952865217798,-3,Control
1943,Kansas,"Sedgwick County, KS",2010,13.0,498365.0,both,2.6085298927492904,-2,Control
1944,Kansas,"Sedgwick County, KS",2010,25.0,498365.0,both,5.016403639902481,-2,Control
1945,Kansas,"Sedgwick County, KS",2011,15.0,501076.0,both,2.993557863477796,-1,Control
1946,Kansas,"Sedgwick County, KS",2011,27.0,501076.0,both,5.388404154260033,-1,Control
1947,Kansas,"Sedgwick County, KS",2012,24.0,503889.0,both,4.7629537457654365,0,Control
1948,Kansas,"Sedgwick County, KS",2012,27.0,503889.0,both,5.358322963986116,0,Control
1949,Kansas,"Sedgwick County, KS",2013,23.0,505415.0,both,4.550715748444348,1,Control
1950,Kansas,"Sedgwick County, KS",2013,33.0,505415.0,both,6.529287812985369,1,Control
1951,Kansas,"Sedgwick County, KS",2014,25.0,508803.0,both,4.913493041511154,2,Control
1952,Kansas,"Sedgwick County, KS",2014,45.0,508803.0,both,8.844287474720078,2,Control
1953,Kansas,"Shawnee County, KS",2009,15.0,176786.0,both,8.484834771984207,-3,Control
1954,Kansas,"Wyandotte County, KS",2010,11.0,157505.0,both,6.983905272848481,-2,Control
1955,Kansas,"Wyandotte County, KS",2011,11.0,158224.0,both,6.952169076751947,-1,Control
1956,Kansas,"Wyandotte County, KS",2012,11.0,159129.0,both,6.91263063300844,0,Control
2186,Maine,"Androscoggin County, ME",2014,12.0,107440.0,both,11.169024571854058,2,Control
2187,Maine,"Cumberland County, ME",2009,19.0,281969.0,both,6.738329390819558,-3,Control
2188,Maine,"Cumberland County, ME",2010,12.0,281674.0,both,4.2602441119876175,-2,Control
2189,Maine,"Cumberland County, ME",2011,11.0,282401.0,both,3.8951703428812223,-1,Control
2190,Maine,"Cumberland County, ME",2012,18.0,283921.0,both,6.339791702621504,0,Control
2191,Maine,"Cumberland County, ME",2012,14.0,283921.0,both,4.930949102038947,0,Control
2192,Maine,"Cumberland County, ME",2013,12.0,285456.0,both,4.203800235412813,1,Control
2193,Maine,"Cumberland County, ME",2013,16.0,285456.0,both,5.605066980550418,1,Control
2194,Maine,"Cumberland County, ME",2014,11.0,287797.0,both,3.822138521249353,2,Control
2195,Maine,"Cumberland County, ME",2014,23.0,287797.0,both,7.991744180794101,2,Control
2196,Maine,"Kennebec County, ME",2013,12.0,121164.0,both,9.903931860948797,1,Control
2197,Maine,"Penobscot County, ME",2014,10.0,153414.0,both,6.518309932600676,2,Control
2198,Maine,"York County, ME",2009,11.0,197192.0,both,5.578319607286299,-3,Control
2199,Maine,"York County, ME",2012,10.0,199005.0,both,5.0249993718750785,0,Control
2200,Maine,"York County, ME",2013,10.0,199431.0,both,5.014265585591006,1,Control
2201,Maine,"York County, ME",2014,19.0,200710.0,both,9.46639430023417,2,Control
2202,Maine,"York County, ME",2014,14.0,200710.0,both,6.975237905435702,2,Control
2307,Massachusetts,"Barnstable County, MA",2009,14.0,215994.0,both,6.481661527635026,-3,Control
2308,Massachusetts,"Barnstable County, MA",2010,18.0,215888.0,both,8.33765656266212,-2,Control
2309,Massachusetts,"Barnstable County, MA",2011,13.0,215769.0,both,6.0249618805296405,-1,Control
2310,Massachusetts,"Barnstable County, MA",2012,14.0,215423.0,both,6.498841813548228,0,Control
2311,Massachusetts,"Barnstable County, MA",2013,28.0,214990.0,both,13.023861574956973,1,Control
2312,Massachusetts,"Barnstable County, MA",2013,12.0,214990.0,both,5.581654960695847,1,Control
2313,Massachusetts,"Barnstable County, MA",2014,37.0,214914.0,both,17.216188801101836,2,Control
2314,Massachusetts,"Barnstable County, MA",2014,11.0,214914.0,both,5.1183264003275735,2,Control
2315,Massachusetts,"Berkshire County, MA",2009,10.0,131264.0,both,7.618235007313506,-3,Control
2316,Massachusetts,"Berkshire County, MA",2012,10.0,130016.0,both,7.691361063253754,0,Control
2317,Massachusetts,"Berkshire County, MA",2013,16.0,129585.0,both,12.347108075780376,1,Control
2318,Massachusetts,"Berkshire County, MA",2014,20.0,128715.0,both,15.53820456046304,2,Control
2319,Massachusetts,"Bristol County, MA",2009,11.0,547324.0,both,2.0097784858694303,-3,Control
2320,Massachusetts,"Bristol County, MA",2009,48.0,547324.0,both,8.769942483793876,-3,Control
2321,Massachusetts,"Bristol County, MA",2009,17.0,547324.0,both,3.106021296343665,-3,Control
2322,Massachusetts,"Bristol County, MA",2010,12.0,548285.0,both,2.188642767903554,-2,Control
2323,Massachusetts,"Bristol County, MA",2010,66.0,548285.0,both,12.037535223469545,-2,Control
2324,Massachusetts,"Bristol County, MA",2010,17.0,548285.0,both,3.1005772545300347,-2,Control
2325,Massachusetts,"Bristol County, MA",2011,17.0,548922.0,both,3.0969791700824527,-1,Control
2326,Massachusetts,"Bristol County, MA",2011,58.0,548922.0,both,10.566164227340133,-1,Control
2327,Massachusetts,"Bristol County, MA",2011,27.0,548922.0,both,4.91873162307213,-1,Control
2328,Massachusetts,"Bristol County, MA",2011,12.0,548922.0,both,2.186102943587614,-1,Control
2329,Massachusetts,"Bristol County, MA",2012,91.0,551082.0,both,16.512969031831926,0,Control
2330,Massachusetts,"Bristol County, MA",2013,13.0,552780.0,both,2.3517493397011466,1,Control
2331,Massachusetts,"Bristol County, MA",2013,95.0,552780.0,both,17.185860559354534,1,Control
2332,Massachusetts,"Bristol County, MA",2013,18.0,552780.0,both,3.2562683165092805,1,Control
2333,Massachusetts,"Bristol County, MA",2014,19.0,554194.0,both,3.428402328426508,2,Control
2334,Massachusetts,"Bristol County, MA",2014,115.0,554194.0,both,20.75085619837097,2,Control
2335,Massachusetts,"Bristol County, MA",2014,26.0,554194.0,both,4.691497923109958,2,Control
2336,Massachusetts,"Essex County, MA",2009,52.0,739086.0,both,7.035717088403786,-3,Control
2337,Massachusetts,"Essex County, MA",2009,24.0,739086.0,both,3.247254040801747,-3,Control
2338,Massachusetts,"Essex County, MA",2010,10.0,743159.0,both,1.3456070638988427,-2,Control
2339,Massachusetts,"Essex County, MA",2010,37.0,743159.0,both,4.978746136425718,-2,Control
2340,Massachusetts,"Essex County, MA",2010,17.0,743159.0,both,2.287532008628032,-2,Control
2341,Massachusetts,"Essex County, MA",2011,17.0,748930.0,both,2.269905064558771,-1,Control
2342,Massachusetts,"Essex County, MA",2011,42.0,748930.0,both,5.608000747733433,-1,Control
2343,Massachusetts,"Essex County, MA",2011,19.0,748930.0,both,2.5369527192127435,-1,Control
2344,Massachusetts,"Essex County, MA",2012,10.0,755618.0,both,1.3234200349912257,0,Control
2345,Massachusetts,"Essex County, MA",2012,67.0,755618.0,both,8.866914234441213,0,Control
2346,Massachusetts,"Essex County, MA",2012,23.0,755618.0,both,3.043866080479819,0,Control
2347,Massachusetts,"Essex County, MA",2012,10.0,755618.0,both,1.3234200349912257,0,Control
2348,Massachusetts,"Essex County, MA",2013,13.0,762550.0,both,1.7048062422136254,1,Control
2349,Massachusetts,"Essex County, MA",2013,71.0,762550.0,both,9.31086486132057,1,Control
2350,Massachusetts,"Essex County, MA",2013,37.0,762550.0,both,4.8521408432233954,1,Control
2351,Massachusetts,"Essex County, MA",2013,12.0,762550.0,both,1.573667300504885,1,Control
2352,Massachusetts,"Essex County, MA",2014,11.0,769091.0,both,1.4302598782198725,2,Control
2353,Massachusetts,"Essex County, MA",2014,127.0,769091.0,both,16.513000412174893,2,Control
2354,Massachusetts,"Essex County, MA",2014,47.0,769091.0,both,6.111110388757638,2,Control
2355,Massachusetts,"Hampden County, MA",2009,38.0,462777.0,both,8.211298314306891,-3,Control
2356,Massachusetts,"Hampden County, MA",2010,42.0,463490.0,both,9.061684178730934,-2,Control
2357,Massachusetts,"Hampden County, MA",2011,42.0,463783.0,both,9.05595936030428,-1,Control
2358,Massachusetts,"Hampden County, MA",2011,10.0,463783.0,both,2.156180800072448,-1,Control
2359,Massachusetts,"Hampden County, MA",2012,45.0,465923.0,both,9.658248251320497,0,Control
2360,Massachusetts,"Hampden County, MA",2012,11.0,465923.0,both,2.360905128100566,0,Control
2361,Massachusetts,"Hampden County, MA",2013,57.0,467319.0,both,12.19723572120971,1,Control
2362,Massachusetts,"Hampden County, MA",2013,15.0,467319.0,both,3.209798874002555,1,Control
2363,Massachusetts,"Hampden County, MA",2014,41.0,468161.0,both,8.757670972165558,2,Control
2364,Massachusetts,"Hampden County, MA",2014,14.0,468161.0,both,2.9904242343979957,2,Control
2365,Massachusetts,"Hampshire County, MA",2009,10.0,157910.0,both,6.332721170286872,-3,Control
2366,Massachusetts,"Hampshire County, MA",2010,11.0,158080.0,both,6.958502024291498,-2,Control
2367,Massachusetts,"Hampshire County, MA",2013,21.0,159596.0,both,13.158224516905186,1,Control
2368,Massachusetts,"Hampshire County, MA",2014,14.0,160939.0,both,8.698948048639547,2,Control
2369,Massachusetts,"Middlesex County, MA",2009,86.0,1494764.0,both,5.753416592853454,-3,Control
2370,Massachusetts,"Middlesex County, MA",2009,40.0,1494764.0,both,2.6760077176062578,-3,Control
2371,Massachusetts,"Middlesex County, MA",2010,18.0,1503085.0,both,1.1975370654354212,-2,Control
2372,Massachusetts,"Middlesex County, MA",2010,73.0,1503085.0,both,4.856678098710319,-2,Control
2373,Massachusetts,"Middlesex County, MA",2010,25.0,1503085.0,both,1.6632459242158626,-2,Control
2374,Massachusetts,"Middlesex County, MA",2011,24.0,1518171.0,both,1.580849588089879,-1,Control
2375,Massachusetts,"Middlesex County, MA",2011,96.0,1518171.0,both,6.323398352359516,-1,Control
2376,Massachusetts,"Middlesex County, MA",2011,44.0,1518171.0,both,2.8982242448314453,-1,Control
2377,Massachusetts,"Middlesex County, MA",2011,15.0,1518171.0,both,0.9880309925561745,-1,Control
2378,Massachusetts,"Middlesex County, MA",2012,13.0,1537215.0,both,0.8456852164466259,0,Control
2379,Massachusetts,"Middlesex County, MA",2012,77.0,1537215.0,both,5.009058589722322,0,Control
2380,Massachusetts,"Middlesex County, MA",2012,34.0,1537215.0,both,2.2117921045527136,0,Control
2381,Massachusetts,"Middlesex County, MA",2012,18.0,1537215.0,both,1.1709487612337897,0,Control
2382,Massachusetts,"Middlesex County, MA",2013,14.0,1552802.0,both,0.9015959536373601,1,Control
2383,Massachusetts,"Middlesex County, MA",2013,101.0,1552802.0,both,6.504370808383813,1,Control
2384,Massachusetts,"Middlesex County, MA",2013,41.0,1552802.0,both,2.640388149937983,1,Control
2385,Massachusetts,"Middlesex County, MA",2013,11.0,1552802.0,both,0.7083968207150686,1,Control
2386,Massachusetts,"Middlesex County, MA",2014,11.0,1570315.0,both,0.7004963972196662,2,Control
2387,Massachusetts,"Middlesex County, MA",2014,166.0,1570315.0,both,10.571127448951325,2,Control
2388,Massachusetts,"Middlesex County, MA",2014,70.0,1570315.0,both,4.4577043459433305,2,Control
2389,Massachusetts,"Norfolk County, MA",2009,53.0,666301.0,both,7.954362968087997,-3,Control
2390,Massachusetts,"Norfolk County, MA",2009,14.0,666301.0,both,2.1011524821364516,-3,Control
2391,Massachusetts,"Norfolk County, MA",2010,43.0,670850.0,both,6.409778639040023,-2,Control
2392,Massachusetts,"Norfolk County, MA",2010,14.0,670850.0,both,2.086904673175822,-2,Control
2393,Massachusetts,"Norfolk County, MA",2011,12.0,675436.0,both,1.776630206266767,-1,Control
2394,Massachusetts,"Norfolk County, MA",2011,50.0,675436.0,both,7.402625859444863,-1,Control
2395,Massachusetts,"Norfolk County, MA",2011,14.0,675436.0,both,2.0727352406445614,-1,Control
2396,Massachusetts,"Norfolk County, MA",2012,42.0,681845.0,both,6.159757716196497,0,Control
2397,Massachusetts,"Norfolk County, MA",2012,23.0,681845.0,both,3.373200654107605,0,Control
2398,Massachusetts,"Norfolk County, MA",2013,55.0,687802.0,both,7.996487361188248,1,Control
2399,Massachusetts,"Norfolk County, MA",2013,22.0,687802.0,both,3.1985949444752992,1,Control
2400,Massachusetts,"Norfolk County, MA",2014,82.0,692254.0,both,11.845363118161831,2,Control
2401,Massachusetts,"Norfolk County, MA",2014,33.0,692254.0,both,4.767036376821224,2,Control
2402,Massachusetts,"Plymouth County, MA",2009,40.0,492738.0,both,8.117904444146788,-3,Control
2403,Massachusetts,"Plymouth County, MA",2009,10.0,492738.0,both,2.029476111036697,-3,Control
2404,Massachusetts,"Plymouth County, MA",2010,32.0,494919.0,both,6.465704489017395,-2,Control
2405,Massachusetts,"Plymouth County, MA",2010,10.0,494919.0,both,2.020532652817936,-2,Control
2406,Massachusetts,"Plymouth County, MA",2011,10.0,497579.0,both,2.009731118073713,-1,Control
2407,Massachusetts,"Plymouth County, MA",2011,49.0,497579.0,both,9.847682478561193,-1,Control
2408,Massachusetts,"Plymouth County, MA",2011,18.0,497579.0,both,3.6175160125326835,-1,Control
2409,Massachusetts,"Plymouth County, MA",2012,46.0,499759.0,both,9.204436538411514,0,Control
2410,Massachusetts,"Plymouth County, MA",2012,10.0,499759.0,both,2.000964464872068,0,Control
2411,Massachusetts,"Plymouth County, MA",2013,10.0,501915.0,both,1.9923692258649373,1,Control
2412,Massachusetts,"Plymouth County, MA",2013,53.0,501915.0,both,10.559556897084168,1,Control
2413,Massachusetts,"Plymouth County, MA",2013,27.0,501915.0,both,5.3793969098353305,1,Control
2414,Massachusetts,"Plymouth County, MA",2014,66.0,507022.0,both,13.01718663095487,2,Control
2415,Massachusetts,"Plymouth County, MA",2014,25.0,507022.0,both,4.93075251172533,2,Control
2416,Massachusetts,"Suffolk County, MA",2009,16.0,716214.0,both,2.233969176810283,-3,Control
2417,Massachusetts,"Suffolk County, MA",2009,88.0,716214.0,both,12.286830472456556,-3,Control
2418,Massachusetts,"Suffolk County, MA",2009,21.0,716214.0,both,2.932084544563496,-3,Control
2419,Massachusetts,"Suffolk County, MA",2010,12.0,722023.0,both,1.661996916995719,-2,Control
2420,Massachusetts,"Suffolk County, MA",2010,55.0,722023.0,both,7.617485869563712,-2,Control
2421,Massachusetts,"Suffolk County, MA",2010,17.0,722023.0,both,2.354495632410602,-2,Control
2422,Massachusetts,"Suffolk County, MA",2011,22.0,730932.0,both,3.009855909988891,-1,Control
2423,Massachusetts,"Suffolk County, MA",2011,62.0,730932.0,both,8.482321200877784,-1,Control
2424,Massachusetts,"Suffolk County, MA",2011,23.0,730932.0,both,3.1466675422611132,-1,Control
2425,Massachusetts,"Suffolk County, MA",2012,60.0,744426.0,both,8.059901185611464,0,Control
2426,Massachusetts,"Suffolk County, MA",2012,24.0,744426.0,both,3.2239604742445858,0,Control
2427,Massachusetts,"Suffolk County, MA",2013,12.0,755503.0,both,1.5883457775812937,1,Control
2428,Massachusetts,"Suffolk County, MA",2013,80.0,755503.0,both,10.588971850541956,1,Control
2429,Massachusetts,"Suffolk County, MA",2013,30.0,755503.0,both,3.970864443953234,1,Control
2430,Massachusetts,"Suffolk County, MA",2013,10.0,755503.0,both,1.3236214813177445,1,Control
2431,Massachusetts,"Suffolk County, MA",2014,13.0,767254.0,both,1.6943541512980056,2,Control
2432,Massachusetts,"Suffolk County, MA",2014,87.0,767254.0,both,11.339139320225113,2,Control
2433,Massachusetts,"Suffolk County, MA",2014,41.0,767254.0,both,5.343732323324479,2,Control
2434,Massachusetts,"Worcester County, MA",2009,51.0,795251.0,both,6.41306958431992,-3,Control
2435,Massachusetts,"Worcester County, MA",2009,11.0,795251.0,both,1.3832110868141,-3,Control
2436,Massachusetts,"Worcester County, MA",2010,65.0,798552.0,both,8.139732916579007,-2,Control
2437,Massachusetts,"Worcester County, MA",2010,20.0,798552.0,both,2.5045332051012332,-2,Control
2438,Massachusetts,"Worcester County, MA",2011,71.0,801227.0,both,8.861408814231172,-1,Control
2439,Massachusetts,"Worcester County, MA",2011,27.0,801227.0,both,3.369831520904812,-1,Control
2440,Massachusetts,"Worcester County, MA",2012,76.0,806163.0,both,9.42737386856008,0,Control
2441,Massachusetts,"Worcester County, MA",2013,87.0,809106.0,both,10.752608434494368,1,Control
2442,Massachusetts,"Worcester County, MA",2013,23.0,809106.0,both,2.8426436091192007,1,Control
2443,Massachusetts,"Worcester County, MA",2014,100.0,813475.0,both,12.2929407787578,2,Control
2444,Massachusetts,"Worcester County, MA",2014,23.0,813475.0,both,2.827376379114294,2,Control
2658,Minnesota,"Anoka County, MN",2009,12.0,329635.0,both,3.640390128475435,-3,Control
2659,Minnesota,"Anoka County, MN",2010,21.0,330844.0,both,6.347402401131652,-2,Control
2660,Minnesota,"Anoka County, MN",2011,24.0,333140.0,both,7.204178423485621,-1,Control
2661,Minnesota,"Anoka County, MN",2012,21.0,336414.0,both,6.242308584066061,0,Control
2662,Minnesota,"Anoka County, MN",2012,13.0,336414.0,both,3.864286266326609,0,Control
2663,Minnesota,"Anoka County, MN",2013,22.0,339534.0,both,6.47946891916568,1,Control
2664,Minnesota,"Anoka County, MN",2013,10.0,339534.0,both,2.945213145075309,1,Control
2665,Minnesota,"Anoka County, MN",2014,11.0,341864.0,both,3.2176538038518245,2,Control
2666,Minnesota,"Dakota County, MN",2010,13.0,398552.0,both,3.2618077440334012,-2,Control
2667,Minnesota,"Dakota County, MN",2011,11.0,402006.0,both,2.7362775679964977,-1,Control
2668,Minnesota,"Dakota County, MN",2011,15.0,402006.0,both,3.731287592722497,-1,Control
2669,Minnesota,"Dakota County, MN",2012,11.0,405088.0,both,2.7154593569792245,0,Control
2670,Minnesota,"Dakota County, MN",2012,10.0,405088.0,both,2.4685994154356585,0,Control
2671,Minnesota,"Dakota County, MN",2013,15.0,408509.0,both,3.6718897258077545,1,Control
2672,Minnesota,"Hennepin County, MN",2009,56.0,1146721.0,both,4.883489532327393,-3,Control
2673,Minnesota,"Hennepin County, MN",2009,19.0,1146721.0,both,1.6568982341825083,-3,Control
2674,Minnesota,"Hennepin County, MN",2010,54.0,1152425.0,both,4.685771308328091,-2,Control
2675,Minnesota,"Hennepin County, MN",2010,17.0,1152425.0,both,1.4751502266958805,-2,Control
2676,Minnesota,"Hennepin County, MN",2010,15.0,1152425.0,both,1.3016031412022473,-2,Control
2677,Minnesota,"Hennepin County, MN",2011,66.0,1168431.0,both,5.648600559211456,-1,Control
2678,Minnesota,"Hennepin County, MN",2011,23.0,1168431.0,both,1.9684517100282346,-1,Control
2679,Minnesota,"Hennepin County, MN",2011,12.0,1168431.0,both,1.0270182834929917,-1,Control
2680,Minnesota,"Hennepin County, MN",2012,12.0,1184576.0,both,1.0130206926360148,0,Control
2681,Minnesota,"Hennepin County, MN",2012,71.0,1184576.0,both,5.993705764763089,0,Control
2682,Minnesota,"Hennepin County, MN",2012,20.0,1184576.0,both,1.688367821060025,0,Control
2683,Minnesota,"Hennepin County, MN",2012,11.0,1184576.0,both,0.9286023015830136,0,Control
2684,Minnesota,"Hennepin County, MN",2013,11.0,1198778.0,both,0.9176010904437685,1,Control
2685,Minnesota,"Hennepin County, MN",2013,67.0,1198778.0,both,5.589024823612045,1,Control
2686,Minnesota,"Hennepin County, MN",2013,32.0,1198778.0,both,2.6693849903818725,1,Control
2687,Minnesota,"Hennepin County, MN",2013,17.0,1198778.0,both,1.4181107761403695,1,Control
2688,Minnesota,"Hennepin County, MN",2014,15.0,1212064.0,both,1.237558412757082,2,Control
2689,Minnesota,"Hennepin County, MN",2014,73.0,1212064.0,both,6.0227842754178,2,Control
2690,Minnesota,"Hennepin County, MN",2014,27.0,1212064.0,both,2.227605142962748,2,Control
2691,Minnesota,"Olmsted County, MN",2014,10.0,150287.0,both,6.653935470133811,2,Control
2692,Minnesota,"Ramsey County, MN",2009,16.0,506590.0,both,3.158372648492864,-3,Control
2693,Minnesota,"Ramsey County, MN",2009,15.0,506590.0,both,2.96097435796206,-3,Control
2694,Minnesota,"Ramsey County, MN",2010,20.0,508640.0,both,3.9320541050644855,-2,Control
2695,Minnesota,"Ramsey County, MN",2010,18.0,508640.0,both,3.538848694558037,-2,Control
2696,Minnesota,"Ramsey County, MN",2011,21.0,514696.0,both,4.08007833750408,-1,Control
2697,Minnesota,"Ramsey County, MN",2011,24.0,514696.0,both,4.662946671433234,-1,Control
2698,Minnesota,"Ramsey County, MN",2012,30.0,520152.0,both,5.7675448714991004,0,Control
2699,Minnesota,"Ramsey County, MN",2012,20.0,520152.0,both,3.845029914332734,0,Control
2700,Minnesota,"Ramsey County, MN",2013,25.0,526714.0,both,4.746408867051189,1,Control
2701,Minnesota,"Ramsey County, MN",2013,24.0,526714.0,both,4.556552512369141,1,Control
2702,Minnesota,"Ramsey County, MN",2014,22.0,532655.0,both,4.130253165745182,2,Control
2703,Minnesota,"Ramsey County, MN",2014,18.0,532655.0,both,3.3792980447006036,2,Control
2704,Minnesota,"St. Louis County, MN",2009,11.0,200198.0,both,5.494560385218634,-3,Control
2705,Minnesota,"St. Louis County, MN",2009,11.0,200198.0,both,5.494560385218634,-3,Control
2706,Minnesota,"St. Louis County, MN",2013,10.0,200540.0,both,4.986536351850005,1,Control
2707,Minnesota,"St. Louis County, MN",2014,17.0,200949.0,both,8.45985797391378,2,Control
2708,Minnesota,"Washington County, MN",2009,10.0,235684.0,both,4.242969399704689,-3,Control
2709,Minnesota,"Washington County, MN",2014,14.0,249283.0,both,5.616106994861262,2,Control
2827,Montana,"Lewis and Clark County, MT",2014,11.0,65856.0,both,16.703109815354715,2,Control
2828,Montana,"Missoula County, MT",2009,11.0,108717.0,both,10.118012822281704,-3,Control
2829,Nebraska,"Douglas County, NE",2009,21.0,511902.0,both,4.102347714992323,-3,Control
2830,Nebraska,"Douglas County, NE",2009,12.0,511902.0,both,2.3441986942813275,-3,Control
2831,Nebraska,"Douglas County, NE",2010,13.0,517110.0,both,2.51397188219141,-2,Control
2832,Nebraska,"Douglas County, NE",2010,17.0,517110.0,both,3.287501692096459,-2,Control
2833,Nebraska,"Douglas County, NE",2011,15.0,524861.0,both,2.857899520063407,-1,Control
2834,Nebraska,"Douglas County, NE",2011,23.0,524861.0,both,4.382112597430558,-1,Control
2835,Nebraska,"Douglas County, NE",2012,11.0,531265.0,both,2.0705297732769896,0,Control
2836,Nebraska,"Douglas County, NE",2012,17.0,531265.0,both,3.1999096496098938,0,Control
2837,Nebraska,"Douglas County, NE",2012,24.0,531265.0,both,4.517519505331614,0,Control
2838,Nebraska,"Douglas County, NE",2013,16.0,537256.0,both,2.978096103161249,1,Control
2839,Nebraska,"Douglas County, NE",2014,10.0,543244.0,both,1.8407934556111065,2,Control
2840,Nebraska,"Douglas County, NE",2014,21.0,543244.0,both,3.8656662567833235,2,Control
2841,Nebraska,"Douglas County, NE",2014,10.0,543244.0,both,1.8407934556111065,2,Control
2842,Nebraska,"Lancaster County, NE",2012,14.0,293407.0,both,4.77152896829319,0,Control
3895,Oregon,"Clackamas County, OR",2009,21.0,374085.0,both,5.613697421708969,-3,Control
3896,Oregon,"Clackamas County, OR",2010,21.0,375992.0,both,5.58522521755782,-2,Control
3897,Oregon,"Clackamas County, OR",2011,21.0,380207.0,both,5.5233070406383895,-1,Control
3898,Oregon,"Clackamas County, OR",2011,11.0,380207.0,both,2.8931608308105847,-1,Control
3899,Oregon,"Clackamas County, OR",2012,18.0,383857.0,both,4.689246255767121,0,Control
3900,Oregon,"Clackamas County, OR",2013,22.0,388263.0,both,5.6662623015842355,1,Control
3901,Oregon,"Clackamas County, OR",2013,13.0,388263.0,both,3.3482459054815936,1,Control
3902,Oregon,"Clackamas County, OR",2014,21.0,394972.0,both,5.316832585601005,2,Control
3903,Oregon,"Clatsop County, OR",2011,10.0,37153.0,both,26.915726859203833,-1,Control
3904,Oregon,"Deschutes County, OR",2010,12.0,157733.0,both,7.60779291587683,-2,Control
3905,Oregon,"Deschutes County, OR",2011,10.0,160338.0,both,6.236824707804762,-1,Control
3906,Oregon,"Deschutes County, OR",2013,11.0,165954.0,both,6.62834279378623,1,Control
3907,Oregon,"Jackson County, OR",2009,10.0,202301.0,both,4.943129297433033,-3,Control
3908,Oregon,"Jackson County, OR",2010,10.0,203206.0,both,4.921114534019664,-2,Control
3909,Oregon,"Jackson County, OR",2011,15.0,204822.0,both,7.32343205319741,-1,Control
3910,Oregon,"Jackson County, OR",2012,21.0,206412.0,both,10.173827103075403,0,Control
3911,Oregon,"Jackson County, OR",2013,11.0,208545.0,both,5.274640964779784,1,Control
3912,Oregon,"Jackson County, OR",2014,11.0,210287.0,both,5.230946278181723,2,Control
3913,Oregon,"Lane County, OR",2009,40.0,350850.0,both,11.400883568476557,-3,Control
3914,Oregon,"Lane County, OR",2009,11.0,350850.0,both,3.135242981331053,-3,Control
3915,Oregon,"Lane County, OR",2010,12.0,351715.0,both,3.4118533471702945,-2,Control
3916,Oregon,"Lane County, OR",2011,21.0,353416.0,both,5.9420060212327686,-1,Control
3917,Oregon,"Lane County, OR",2011,10.0,353416.0,both,2.8295266767775087,-1,Control
3918,Oregon,"Lane County, OR",2012,21.0,354542.0,both,5.9231346356708094,0,Control
3919,Oregon,"Lane County, OR",2012,11.0,354542.0,both,3.1025943329704235,0,Control
3920,Oregon,"Lane County, OR",2013,23.0,356212.0,both,6.456829079312319,1,Control
3921,Oregon,"Lane County, OR",2013,13.0,356212.0,both,3.6495120883069636,1,Control
3922,Oregon,"Lane County, OR",2014,16.0,358337.0,both,4.465070589975358,2,Control
3923,Oregon,"Lane County, OR",2014,16.0,358337.0,both,4.465070589975358,2,Control
3924,Oregon,"Lane County, OR",2014,16.0,358337.0,both,4.465070589975358,2,Control
3925,Oregon,"Linn County, OR",2014,16.0,119356.0,both,13.40527497570294,2,Control
3926,Oregon,"Marion County, OR",2009,16.0,313389.0,both,5.105475942040084,-3,Control
3927,Oregon,"Marion County, OR",2009,12.0,313389.0,both,3.8291069565300635,-3,Control
3928,Oregon,"Marion County, OR",2010,16.0,315335.0,both,5.073968953652465,-2,Control
3929,Oregon,"Marion County, OR",2010,13.0,315335.0,both,4.1225997748426275,-2,Control
3930,Oregon,"Marion County, OR",2011,10.0,318872.0,both,3.1360545924383447,-1,Control
3931,Oregon,"Marion County, OR",2011,12.0,318872.0,both,3.763265510926014,-1,Control
3932,Oregon,"Marion County, OR",2012,14.0,319985.0,both,4.375205087738488,0,Control
3933,Oregon,"Multnomah County, OR",2009,80.0,727721.0,both,10.99322405152524,-3,Control
3934,Oregon,"Multnomah County, OR",2009,17.0,727721.0,both,2.3360601109491137,-3,Control
3935,Oregon,"Multnomah County, OR",2010,62.0,735334.0,both,8.43154267312541,-2,Control
3936,Oregon,"Multnomah County, OR",2010,18.0,735334.0,both,2.4478672276815705,-2,Control
3937,Oregon,"Multnomah County, OR",2010,10.0,735334.0,both,1.3599262376008725,-2,Control
3938,Oregon,"Multnomah County, OR",2011,12.0,748031.0,both,1.6042115901613703,-1,Control
3939,Oregon,"Multnomah County, OR",2011,94.0,748031.0,both,12.566324122930734,-1,Control
3940,Oregon,"Multnomah County, OR",2011,17.0,748031.0,both,2.272633086061941,-1,Control
3941,Oregon,"Multnomah County, OR",2012,73.0,759256.0,both,9.614675419094482,0,Control
3942,Oregon,"Multnomah County, OR",2012,19.0,759256.0,both,2.5024497666136325,0,Control
3943,Oregon,"Multnomah County, OR",2012,10.0,759256.0,both,1.3170788245334908,0,Control
3944,Oregon,"Multnomah County, OR",2013,13.0,766135.0,both,1.6968288878591893,1,Control
3945,Oregon,"Multnomah County, OR",2013,58.0,766135.0,both,7.570467345833307,1,Control
3946,Oregon,"Multnomah County, OR",2013,29.0,766135.0,both,3.7852336729166534,1,Control
3947,Oregon,"Multnomah County, OR",2014,65.0,776712.0,both,8.368610244208922,2,Control
3948,Oregon,"Multnomah County, OR",2014,22.0,776712.0,both,2.8324526980399427,2,Control
3949,Oregon,"Washington County, OR",2009,23.0,524699.0,both,4.383465567877964,-3,Control
3950,Oregon,"Washington County, OR",2010,11.0,529710.0,both,2.076607955296294,-2,Control
3951,Oregon,"Washington County, OR",2011,21.0,540410.0,both,3.885938454136674,-1,Control
3952,Oregon,"Washington County, OR",2012,15.0,547672.0,both,2.738865598387356,0,Control
3953,Oregon,"Washington County, OR",2012,11.0,547672.0,both,2.0085014388173943,0,Control
3954,Oregon,"Washington County, OR",2012,11.0,547672.0,both,2.0085014388173943,0,Control
3955,Oregon,"Washington County, OR",2013,13.0,554996.0,both,2.342359224210625,1,Control
3956,Oregon,"Washington County, OR",2013,12.0,554996.0,both,2.162177745425192,1,Control
3957,Oregon,"Washington County, OR",2014,20.0,562998.0,both,3.552410488136725,2,Control
3958,Oregon,"Washington County, OR",2014,10.0,562998.0,both,1.7762052440683624,2,Control
4905,Virginia,"Buchanan County, VA",2012,11.0,23859.0,both,46.10419548178884,0,Control
4906,Virginia,"Chesterfield County, VA",2009,15.0,313096.0,both,4.790862866341314,-3,Control
4907,Virginia,"Chesterfield County, VA",2010,15.0,316236.0,both,4.743292983721019,-2,Control
4908,Virginia,"Chesterfield County, VA",2011,12.0,320277.0,both,3.7467567137196864,-1,Control
4909,Virginia,"Chesterfield County, VA",2012,16.0,323856.0,both,4.9404673682130325,0,Control
4910,Virginia,"Chesterfield County, VA",2013,20.0,327745.0,both,6.102305145768814,1,Control
4911,Virginia,"Chesterfield County, VA",2014,12.0,332499.0,both,3.609033410626799,2,Control
4912,Virginia,"Chesterfield County, VA",2014,10.0,332499.0,both,3.007527842188999,2,Control
4913,Virginia,"Culpeper County, VA",2013,10.0,48506.0,both,20.616006267265906,1,Control
4914,Virginia,"Fairfax County, VA",2009,15.0,1065142.0,both,1.4082629358339076,-3,Control
4915,Virginia,"Fairfax County, VA",2010,11.0,1081726.0,both,1.016893372258779,-2,Control
4916,Virginia,"Fairfax County, VA",2010,11.0,1081726.0,both,1.016893372258779,-2,Control
4917,Virginia,"Fairfax County, VA",2011,18.0,1100692.0,both,1.6353348620685895,-1,Control
4918,Virginia,"Fairfax County, VA",2011,13.0,1100692.0,both,1.181075178160648,-1,Control
4919,Virginia,"Fairfax County, VA",2011,14.0,1100692.0,both,1.2719271149422362,-1,Control
4920,Virginia,"Fairfax County, VA",2012,17.0,1118602.0,both,1.5197541216625752,0,Control
4921,Virginia,"Fairfax County, VA",2012,18.0,1118602.0,both,1.6091514229368442,0,Control
4922,Virginia,"Fairfax County, VA",2012,14.0,1118602.0,both,1.2515622178397678,0,Control
4923,Virginia,"Fairfax County, VA",2013,18.0,1130924.0,both,1.591618888625584,1,Control
4924,Virginia,"Fairfax County, VA",2013,14.0,1130924.0,both,1.2379258022643431,1,Control
4925,Virginia,"Fairfax County, VA",2014,28.0,1137538.0,both,2.461456232670909,2,Control
4926,Virginia,"Fairfax County, VA",2014,19.0,1137538.0,both,1.6702738721695451,2,Control
4927,Virginia,"Fairfax County, VA",2014,12.0,1137538.0,both,1.054909814001818,2,Control
4928,Virginia,"Henrico County, VA",2009,16.0,304763.0,both,5.249981132880304,-3,Control
4929,Virginia,"Henrico County, VA",2010,14.0,306935.0,both,4.561226318275856,-2,Control
4930,Virginia,"Henrico County, VA",2011,20.0,310445.0,both,6.442364992188632,-1,Control
4931,Virginia,"Henrico County, VA",2012,14.0,314932.0,both,4.4454040872315295,0,Control
4932,Virginia,"Henrico County, VA",2013,13.0,318611.0,both,4.080210664415228,1,Control
4933,Virginia,"Henrico County, VA",2013,12.0,318611.0,both,3.766348305614056,1,Control
4934,Virginia,"Henrico County, VA",2014,25.0,321924.0,both,7.765808078925461,2,Control
4935,Virginia,"Loudoun County, VA",2014,11.0,363050.0,both,3.0298856906762155,2,Control
4936,Virginia,"Loudoun County, VA",2014,11.0,363050.0,both,3.0298856906762155,2,Control
4937,Virginia,"Prince William County, VA",2009,13.0,389001.0,both,3.341893722638245,-3,Control
4938,Virginia,"Prince William County, VA",2011,11.0,419006.0,both,2.6252607361231104,-1,Control
4939,Virginia,"Prince William County, VA",2011,10.0,419006.0,both,2.386600669202828,-1,Control
4940,Virginia,"Prince William County, VA",2012,18.0,430289.0,both,4.1832349885774445,0,Control
4941,Virginia,"Prince William County, VA",2013,15.0,438580.0,both,3.4201285968352413,1,Control
4942,Virginia,"Prince William County, VA",2014,12.0,446094.0,both,2.6900160055952336,2,Control
4943,Virginia,"Prince William County, VA",2014,16.0,446094.0,both,3.586688007460311,2,Control
4944,Virginia,"Roanoke County, VA",2014,12.0,93785.0,both,12.795223116703097,2,Control
4945,Virginia,"Russell County, VA",2010,11.0,28897.0,both,38.06623524933384,-2,Control
4946,Virginia,"Russell County, VA",2011,10.0,28749.0,both,34.783818567602346,-1,Control
4947,Virginia,"Stafford County, VA",2013,10.0,136788.0,both,7.310582799660789,1,Control
4948,Virginia,"Tazewell County, VA",2011,10.0,44715.0,both,22.363860002236386,-1,Control
4949,Virginia,"Tazewell County, VA",2011,10.0,44715.0,both,22.363860002236386,-1,Control
4950,Virginia,"Chesapeake city, VA",2013,16.0,230571.0,both,6.939294187040001,1,Control
4951,Virginia,"Chesapeake city, VA",2013,12.0,230571.0,both,5.20447064028,1,Control
4952,Virginia,"Chesapeake city, VA",2014,11.0,233371.0,both,4.71352481670816,2,Control
4953,Virginia,"Newport News city, VA",2009,11.0,181000.0,both,6.077348066298343,-3,Control
4954,Virginia,"Newport News city, VA",2013,12.0,182020.0,both,6.5926821228436445,1,Control
4955,Virginia,"Newport News city, VA",2014,11.0,182965.0,both,6.012078812887711,2,Control
4956,Virginia,"Newport News city, VA",2014,13.0,182965.0,both,7.105184051594567,2,Control
4957,Virginia,"Norfolk city, VA",2009,11.0,241725.0,both,4.550625711035267,-3,Control
4958,Virginia,"Norfolk city, VA",2011,15.0,242628.0,both,6.182303773678224,-1,Control
4959,Virginia,"Norfolk city, VA",2011,11.0,242628.0,both,4.5336894340306975,-1,Control
4960,Virginia,"Norfolk city, VA",2012,13.0,245782.0,both,5.2892400582630135,0,Control
4961,Virginia,"Norfolk city, VA",2012,11.0,245782.0,both,4.475510818530242,0,Control
4962,Virginia,"Norfolk city, VA",2013,22.0,246139.0,both,8.93803907548174,1,Control
4963,Virginia,"Norfolk city, VA",2013,10.0,246139.0,both,4.062745034309882,1,Control
4964,Virginia,"Norfolk city, VA",2014,21.0,245428.0,both,8.556480923122056,2,Control
4965,Virginia,"Portsmouth city, VA",2014,11.0,96004.0,both,11.457855922669888,2,Control
4966,Virginia,"Richmond city, VA",2009,16.0,203678.0,both,7.855536680446587,-3,Control
4967,Virginia,"Richmond city, VA",2010,13.0,204214.0,both,6.36587109600713,-2,Control
4968,Virginia,"Richmond city, VA",2011,22.0,205533.0,both,10.703877236258897,-1,Control
4969,Virginia,"Richmond city, VA",2012,20.0,210309.0,both,9.509816508090475,0,Control
4970,Virginia,"Richmond city, VA",2013,20.0,214114.0,both,9.340818442511933,1,Control
4971,Virginia,"Richmond city, VA",2014,36.0,217853.0,both,16.52490440801825,2,Control
4972,Virginia,"Roanoke city, VA",2013,14.0,98465.0,both,14.218250139643528,1,Control
4973,Virginia,"Virginia Beach city, VA",2009,11.0,435004.0,both,2.528712379656279,-3,Control
4974,Virginia,"Virginia Beach city, VA",2009,12.0,435004.0,both,2.7585953232613956,-3,Control
4975,Virginia,"Virginia Beach city, VA",2011,12.0,442707.0,both,2.710596398972684,-1,Control
4976,Virginia,"Virginia Beach city, VA",2011,13.0,442707.0,both,2.9364794322204077,-1,Control
4977,Virginia,"Virginia Beach city, VA",2012,10.0,447021.0,both,2.2370313698909,0,Control
4978,Virginia,"Virginia Beach city, VA",2012,12.0,447021.0,both,2.68443764386908,0,Control
4979,Virginia,"Virginia Beach city, VA",2013,29.0,448479.0,both,6.4663005402705585,1,Control
4980,Virginia,"Virginia Beach city, VA",2013,16.0,448479.0,both,3.5676140911837564,1,Control
4981,Virginia,"Virginia Beach city, VA",2014,21.0,450980.0,both,4.656525788283294,2,Control
4982,Virginia,"Virginia Beach city, VA",2014,16.0,450980.0,both,3.547829172025367,2,Control
4983,Washington,"Clark County, WA",2009,28.0,421236.0,both,6.647105185691631,-3,Policy
4984,Washington,"Clark County, WA",2009,12.0,421236.0,both,2.8487593652964134,-3,Policy
4985,Washington,"Clark County, WA",2010,15.0,425363.0,both,3.5263998044023577,-2,Policy
4986,Washington,"Clark County, WA",2010,14.0,425363.0,both,3.291306484108867,-2,Policy
4987,Washington,"Clark County, WA",2010,11.0,425363.0,both,2.586026523228395,-2,Policy
4988,Washington,"Clark County, WA",2011,27.0,433418.0,both,6.229552072133599,-1,Policy
4989,Washington,"Clark County, WA",2011,11.0,433418.0,both,2.537965659017392,-1,Policy
4990,Washington,"Clark County, WA",2012,29.0,438287.0,both,6.616668986303495,0,Policy
4991,Washington,"Clark County, WA",2012,14.0,438287.0,both,3.1942539933878944,0,Policy
4992,Washington,"Clark County, WA",2013,22.0,443817.0,both,4.9569980419857735,1,Policy
4993,Washington,"Clark County, WA",2013,18.0,443817.0,both,4.055725670715633,1,Policy
4994,Washington,"Clark County, WA",2014,27.0,451008.0,both,5.986590038314176,2,Policy
4995,Washington,"Clark County, WA",2014,10.0,451008.0,both,2.217255569745991,2,Policy
4996,Washington,"Cowlitz County, WA",2009,12.0,102126.0,both,11.750190940602785,-3,Policy
4997,Washington,"Cowlitz County, WA",2011,16.0,102478.0,both,15.613107203497336,-1,Policy
4998,Washington,"Cowlitz County, WA",2012,10.0,101996.0,both,9.804306051217694,0,Policy
4999,Washington,"Cowlitz County, WA",2013,11.0,101860.0,both,10.799136069114471,1,Policy
5000,Washington,"Cowlitz County, WA",2014,10.0,102133.0,both,9.791154670870336,2,Policy
5001,Washington,"Grant County, WA",2009,13.0,87340.0,both,14.88435997252118,-3,Policy
5002,Washington,"King County, WA",2009,12.0,1912012.0,both,0.6276111237795579,-3,Policy
5003,Washington,"King County, WA",2009,67.0,1912012.0,both,3.504162107769198,-3,Policy
5004,Washington,"King County, WA",2009,124.0,1912012.0,both,6.485314945722099,-3,Policy
5005,Washington,"King County, WA",2009,21.0,1912012.0,both,1.0983194666142264,-3,Policy
5006,Washington,"King County, WA",2010,92.0,1931249.0,both,4.763756511977482,-2,Policy
5007,Washington,"King County, WA",2010,90.0,1931249.0,both,4.660196587804059,-2,Policy
5008,Washington,"King County, WA",2010,12.0,1931249.0,both,0.6213595450405411,-2,Policy
5009,Washington,"King County, WA",2010,30.0,1931249.0,both,1.5533988626013528,-2,Policy
5010,Washington,"King County, WA",2011,10.0,1969722.0,both,0.5076858561766585,-1,Policy
5011,Washington,"King County, WA",2011,67.0,1969722.0,both,3.401495236383611,-1,Policy
5012,Washington,"King County, WA",2011,101.0,1969722.0,both,5.12762714738425,-1,Policy
5013,Washington,"King County, WA",2011,10.0,1969722.0,both,0.5076858561766585,-1,Policy
5014,Washington,"King County, WA",2011,31.0,1969722.0,both,1.573826154147641,-1,Policy
5015,Washington,"King County, WA",2012,23.0,2007440.0,both,1.1457378551787352,0,Policy
5016,Washington,"King County, WA",2012,80.0,2007440.0,both,3.9851751484477744,0,Policy
5017,Washington,"King County, WA",2012,96.0,2007440.0,both,4.782210178137329,0,Policy
5018,Washington,"King County, WA",2012,33.0,2007440.0,both,1.6438847487347068,0,Policy
5019,Washington,"King County, WA",2013,20.0,2044449.0,both,0.9782586897496587,1,Policy
5020,Washington,"King County, WA",2013,117.0,2044449.0,both,5.722813335035503,1,Policy
5021,Washington,"King County, WA",2013,104.0,2044449.0,both,5.086945186698225,1,Policy
5022,Washington,"King County, WA",2013,20.0,2044449.0,both,0.9782586897496587,1,Policy
5023,Washington,"King County, WA",2014,10.0,2079967.0,both,0.48077685847900475,2,Policy
5024,Washington,"King County, WA",2014,25.0,2079967.0,both,1.2019421461975117,2,Policy
5025,Washington,"King County, WA",2014,91.0,2079967.0,both,4.375069412158943,2,Policy
5026,Washington,"King County, WA",2014,135.0,2079967.0,both,6.4904875894665635,2,Policy
5027,Washington,"King County, WA",2014,32.0,2079967.0,both,1.538485947132815,2,Policy
5028,Washington,"Kitsap County, WA",2009,11.0,248800.0,both,4.421221864951768,-3,Policy
5029,Washington,"Kitsap County, WA",2011,10.0,254633.0,both,3.9272207451508643,-1,Policy
5030,Washington,"Pierce County, WA",2009,13.0,796483.0,both,1.6321754513279003,-3,Policy
5031,Washington,"Pierce County, WA",2009,48.0,796483.0,both,6.0264939741337855,-3,Policy
5032,Washington,"Pierce County, WA",2009,41.0,796483.0,both,5.147630269572609,-3,Policy
5033,Washington,"Pierce County, WA",2010,11.0,795225.0,both,1.3832563111069196,-2,Policy
5034,Washington,"Pierce County, WA",2010,46.0,795225.0,both,5.784526391901663,-2,Policy
5035,Washington,"Pierce County, WA",2010,27.0,795225.0,both,3.3952654908988027,-2,Policy
5036,Washington,"Pierce County, WA",2010,17.0,795225.0,both,2.1377597535288753,-2,Policy
5037,Washington,"Pierce County, WA",2011,11.0,807904.0,both,1.361547906681982,-1,Policy
5038,Washington,"Pierce County, WA",2011,65.0,807904.0,both,8.045510357666258,-1,Policy
5039,Washington,"Pierce County, WA",2011,21.0,807904.0,both,2.599318730938329,-1,Policy
5040,Washington,"Pierce County, WA",2011,11.0,807904.0,both,1.361547906681982,-1,Policy
5041,Washington,"Pierce County, WA",2011,10.0,807904.0,both,1.2377708242563474,-1,Policy
5042,Washington,"Pierce County, WA",2012,14.0,811681.0,both,1.7248155371383587,0,Policy
5043,Washington,"Pierce County, WA",2012,53.0,811681.0,both,6.5296588191666425,0,Policy
5044,Washington,"Pierce County, WA",2012,13.0,811681.0,both,1.6016144273427613,0,Policy
5045,Washington,"Pierce County, WA",2012,15.0,811681.0,both,1.8480166469339556,0,Policy
5046,Washington,"Pierce County, WA",2013,16.0,819743.0,both,1.9518312446705859,1,Policy
5047,Washington,"Pierce County, WA",2013,56.0,819743.0,both,6.8314093563470495,1,Policy
5048,Washington,"Pierce County, WA",2013,23.0,819743.0,both,2.805757414213967,1,Policy
5049,Washington,"Pierce County, WA",2014,14.0,831928.0,both,1.682837937898472,2,Policy
5050,Washington,"Pierce County, WA",2014,50.0,831928.0,both,6.010135492494543,2,Policy
5051,Washington,"Pierce County, WA",2014,29.0,831928.0,both,3.485878585646835,2,Policy
5052,Washington,"Pierce County, WA",2014,11.0,831928.0,both,1.3222298083487993,2,Policy
5053,Washington,"Pierce County, WA",2014,11.0,831928.0,both,1.3222298083487993,2,Policy
5054,Washington,"Skagit County, WA",2009,11.0,116557.0,both,9.437442624638589,-3,Policy
5055,Washington,"Skagit County, WA",2012,11.0,118222.0,both,9.304528767911219,0,Policy
5056,Washington,"Skagit County, WA",2013,10.0,118837.0,both,8.414887619175847,1,Policy
5057,Washington,"Snohomish County, WA",2009,33.0,706302.0,both,4.672222363804718,-3,Policy
5058,Washington,"Snohomish County, WA",2009,70.0,706302.0,both,9.910774711100917,-3,Policy
5059,Washington,"Snohomish County, WA",2009,12.0,706302.0,both,1.6989899504744428,-3,Policy
5060,Washington,"Snohomish County, WA",2010,37.0,713335.0,both,5.1869037689164275,-2,Policy
5061,Washington,"Snohomish County, WA",2010,43.0,713335.0,both,6.028023299010983,-2,Policy
5062,Washington,"Snohomish County, WA",2010,11.0,713335.0,both,1.542052471840019,-2,Policy
5063,Washington,"Snohomish County, WA",2011,54.0,722400.0,both,7.475083056478405,-1,Policy
5064,Washington,"Snohomish County, WA",2011,87.0,722400.0,both,12.043189368770765,-1,Policy
5065,Washington,"Snohomish County, WA",2011,20.0,722400.0,both,2.7685492801771874,-1,Policy
5066,Washington,"Snohomish County, WA",2012,34.0,733036.0,both,4.638244233571066,0,Policy
5067,Washington,"Snohomish County, WA",2012,75.0,733036.0,both,10.231421103465587,0,Policy
5068,Washington,"Snohomish County, WA",2012,12.0,733036.0,both,1.637027376554494,0,Policy
5069,Washington,"Snohomish County, WA",2013,12.0,745913.0,both,1.608766706036763,1,Policy
5070,Washington,"Snohomish County, WA",2013,39.0,745913.0,both,5.2284917946194795,1,Policy
5071,Washington,"Snohomish County, WA",2013,60.0,745913.0,both,8.043833530183814,1,Policy
5072,Washington,"Snohomish County, WA",2014,26.0,759583.0,both,3.422930739629507,2,Policy
5073,Washington,"Snohomish County, WA",2014,68.0,759583.0,both,8.952280395954096,2,Policy
5074,Washington,"Snohomish County, WA",2014,13.0,759583.0,both,1.7114653698147535,2,Policy
5075,Washington,"Spokane County, WA",2009,25.0,468235.0,both,5.339199333667923,-3,Policy
5076,Washington,"Spokane County, WA",2009,46.0,468235.0,both,9.824126773948977,-3,Policy
5077,Washington,"Spokane County, WA",2010,21.0,471221.0,both,4.4565076683764095,-2,Policy
5078,Washington,"Spokane County, WA",2010,37.0,471221.0,both,7.851942082377483,-2,Policy
5079,Washington,"Spokane County, WA",2011,19.0,473761.0,both,4.010460970827062,-1,Policy
5080,Washington,"Spokane County, WA",2011,35.0,473761.0,both,7.387691262049852,-1,Policy
5081,Washington,"Spokane County, WA",2012,23.0,475735.0,both,4.83462431816032,0,Policy
5082,Washington,"Spokane County, WA",2012,44.0,475735.0,both,9.248846521698004,0,Policy
5083,Washington,"Spokane County, WA",2013,14.0,479398.0,both,2.9203292462630217,1,Policy
5084,Washington,"Spokane County, WA",2013,27.0,479398.0,both,5.632063546364399,1,Policy
5085,Washington,"Spokane County, WA",2014,15.0,484318.0,both,3.097138656832907,2,Policy
5086,Washington,"Spokane County, WA",2014,29.0,484318.0,both,5.9878014032102875,2,Policy
5087,Washington,"Thurston County, WA",2009,14.0,249936.0,both,5.601433967095577,-3,Policy
5088,Washington,"Thurston County, WA",2011,11.0,256591.0,both,4.286978109130874,-1,Policy
5089,Washington,"Thurston County, WA",2012,10.0,258332.0,both,3.8709877212269483,0,Policy
5090,Washington,"Thurston County, WA",2012,12.0,258332.0,both,4.645185265472338,0,Policy
5091,Washington,"Thurston County, WA",2013,13.0,262388.0,both,4.954494870192234,1,Policy
5092,Washington,"Thurston County, WA",2014,11.0,265851.0,both,4.137656055459637,2,Policy
5093,Washington,"Whatcom County, WA",2009,11.0,199865.0,both,5.50371500763015,-3,Policy
5094,Washington,"Whatcom County, WA",2011,14.0,203663.0,both,6.8741008430593675,-1,Policy
5095,Washington,"Yakima County, WA",2009,14.0,239604.0,both,5.842974240830704,-3,Policy
5096,Washington,"Yakima County, WA",2010,19.0,243231.0,both,7.811504290160382,-2,Policy
5097,Washington,"Yakima County, WA",2012,15.0,246977.0,both,6.073440036926515,0,Policy
5098,Washington,"Yakima County, WA",2014,12.0,247687.0,both,4.844824314558293,2,Policy
5247,Wyoming,"Laramie County, WY",2012,11.0,94483.0,both,11.64230602330578,0,Control
5248,Wyoming,"Natrona County, WY",2013,11.0,80973.0,both,13.584775171970906,1,Control
